{
  "r2": 0.34748637676239014,
  "mae": 0.6405078768730164,
  "rmse": 0.8333838844861374,
  "mape": 214.64056968688965,
  "accuracy_10pct": 6.361149110807114,
  "accuracy_20pct": 12.175102599179207
}