{"test_r2": 0.46530795097351074, "test_mae": 0.5478048324584961, "best_val_r2": 0.5058953762054443}