{
  "random_forest": {
    "r2": 0.4985971682604272,
    "mae": 0.5197315951436333
  },
  "gradient_boosting": {
    "r2": 0.4714340075489668,
    "mae": 0.558231482357752
  },
  "extra_trees": {
    "r2": 0.45700807883664096,
    "mae": 0.5197253390083414
  },
  "stacking_ensemble": {
    "r2": 0.4919499294181613,
    "mae": 0.547169267426971
  },
  "averaging_ensemble": {
    "r2": 0.5104347556111615,
    "mae": 0.519590307570991
  }
}